"recipe_number","recipe_index","image_number","title","source","download_url","filename"
"1","0","1","Flowers of multi-stemmed mullein plant, Verbascum thapsus - geograph.org.uk - 965483.jpg","https://commons.wikimedia.org/wiki/File:Flowers_of_multi-stemmed_mullein_plant,_Verbascum_thapsus_-_geograph.org.uk_-_965483.jpg","https://commons.wikimedia.org/wiki/Special:FilePath/Flowers%20of%20multi-stemmed%20mullein%20plant%2C%20Verbascum%20thapsus%20-%20geograph.org.uk%20-%20965483.jpg","recipe-001-img-01-Flowers_of_multi-stemmed_mullein_plant_Verbascum_thapsus_-_geograph.org.uk_-_965483.jpg"
"1","0","2","Leskenlehti, Luolala, Naantali, 24.4.2010.JPG","https://commons.wikimedia.org/wiki/File:Leskenlehti,_Luolala,_Naantali,_24.4.2010.JPG","https://commons.wikimedia.org/wiki/Special:FilePath/Leskenlehti%2C%20Luolala%2C%20Naantali%2C%2024.4.2010.JPG","recipe-001-img-02-Leskenlehti_Luolala_Naantali_24.4.2010.JPG"
"1","0","3","Mullein_(Verbascum_thapsus)_-_geograph.org.uk_-_881418.jpg","https://commons.wikimedia.org/wiki/File:Mullein_(Verbascum_thapsus)_-_geograph.org.uk_-_881418.jpg","https://commons.wikimedia.org/wiki/Special:FilePath/Mullein_%28Verbascum_thapsus%29_-_geograph.org.uk_-_881418.jpg","recipe-001-img-03-Mullein__Verbascum_thapsus__-_geograph.org.uk_-_881418.jpg"
"2","1","1","Ruta graveolens Ruta zwyczajna 2023-06-08 02.jpg","https://commons.wikimedia.org/wiki/File:Ruta_graveolens_Ruta_zwyczajna_2023-06-08_02.jpg","https://commons.wikimedia.org/wiki/Special:FilePath/Ruta%20graveolens%20Ruta%20zwyczajna%202023-06-08%2002.jpg","recipe-002-img-01-Ruta_graveolens_Ruta_zwyczajna_2023-06-08_02.jpg"
"2","1","2","Ruta_graveolens3.jpg","https://commons.wikimedia.org/wiki/File:Ruta_graveolens3.jpg","https://commons.wikimedia.org/wiki/Special:FilePath/Ruta_graveolens3.jpg","recipe-002-img-02-Ruta_graveolens3.jpg"
"3","2","1","Comfrey (Symphytum officinale) - geograph.org.uk - 472623.jpg","https://commons.wikimedia.org/wiki/File:Comfrey_(Symphytum_officinale)_-_geograph.org.uk_-_472623.jpg","https://commons.wikimedia.org/wiki/Special:FilePath/Comfrey%20%28Symphytum%20officinale%29%20-%20geograph.org.uk%20-%20472623.jpg","recipe-003-img-01-Comfrey_Symphytum_officinale_-_geograph.org.uk_-_472623.jpg"
"3","2","2","Symphytum_officinale_03.jpg","https://commons.wikimedia.org/wiki/File:Symphytum_officinale_03.jpg","https://commons.wikimedia.org/wiki/Special:FilePath/Symphytum_officinale_03.jpg","recipe-003-img-02-Symphytum_officinale_03.jpg"
"4","3","1","Meadowsweet by Lysekil Line in Brastad 7.jpg","https://commons.wikimedia.org/wiki/File:Meadowsweet_by_Lysekil_Line_in_Brastad_7.jpg","https://commons.wikimedia.org/wiki/Special:FilePath/Meadowsweet%20by%20Lysekil%20Line%20in%20Brastad%207.jpg","recipe-004-img-01-Meadowsweet_by_Lysekil_Line_in_Brastad_7.jpg"
"4","3","2","Meadowsweet_(Filipendula_ulmaria)_-_flower_-_geograph.org.uk_-_5435427.jpg","https://commons.wikimedia.org/wiki/File:Meadowsweet_(Filipendula_ulmaria)_-_flower_-_geograph.org.uk_-_5435427.jpg","https://commons.wikimedia.org/wiki/Special:FilePath/Meadowsweet_%28Filipendula_ulmaria%29_-_flower_-_geograph.org.uk_-_5435427.jpg","recipe-004-img-02-Meadowsweet__Filipendula_ulmaria__-_flower_-_geograph.org.uk_-_5435427.jpg"
"5","4","1","Sisymbrium officinale kz04.jpg","https://commons.wikimedia.org/wiki/File:Sisymbrium_officinale_kz04.jpg","https://commons.wikimedia.org/wiki/Special:FilePath/Sisymbrium%20officinale%20kz04.jpg","recipe-005-img-01-Sisymbrium_officinale_kz04.jpg"
"5","4","2","Sisymbrium_officinale_in_Split,_Croatia_20230524_02.jpg","https://commons.wikimedia.org/wiki/File:Sisymbrium_officinale_in_Split,_Croatia_20230524_02.jpg","https://commons.wikimedia.org/wiki/Special:FilePath/Sisymbrium_officinale_in_Split%2C_Croatia_20230524_02.jpg","recipe-005-img-02-Sisymbrium_officinale_in_Split__Croatia_20230524_02.jpg"
"6","5","1","Lumbricus terrestris R.H (4).JPG","https://commons.wikimedia.org/wiki/File:Lumbricus_terrestris_R.H_(4).JPG","https://commons.wikimedia.org/wiki/Special:FilePath/Lumbricus%20terrestris%20R.H%20%284%29.JPG","recipe-006-img-01-Lumbricus_terrestris_R.H_4_.JPG"
"6","5","2","Lumbricus_terrestris_(26559560801).jpg","https://commons.wikimedia.org/wiki/File:Lumbricus_terrestris_(26559560801).jpg","https://commons.wikimedia.org/wiki/Special:FilePath/Lumbricus_terrestris_%2826559560801%29.jpg","recipe-006-img-02-Lumbricus_terrestris__26559560801_.jpg"
"7","6","1","Taraxacum officinale 003.JPG","https://commons.wikimedia.org/wiki/File:Taraxacum_officinale_003.JPG","https://commons.wikimedia.org/wiki/Special:FilePath/Taraxacum%20officinale%20003.JPG","recipe-007-img-01-Taraxacum_officinale_003.JPG"
"7","6","2","Cochem,_Cond,_Moselufer,_Taraxacum_officinale_--_2018_--_0118.jpg","https://commons.wikimedia.org/wiki/File:Cochem,_Cond,_Moselufer,_Taraxacum_officinale_--_2018_--_0118.jpg","https://commons.wikimedia.org/wiki/Special:FilePath/Cochem%2C_Cond%2C_Moselufer%2C_Taraxacum_officinale_--_2018_--_0118.jpg","recipe-007-img-02-Cochem__Cond__Moselufer__Taraxacum_officinale_--_2018_--_0118.jpg"
"8","7","1","Lavandula angustifolia in Sedovo 1.jpg","https://commons.wikimedia.org/wiki/File:Lavandula_angustifolia_in_Sedovo_1.jpg","https://commons.wikimedia.org/wiki/Special:FilePath/Lavandula%20angustifolia%20in%20Sedovo%201.jpg","recipe-008-img-01-Lavandula_angustifolia_in_Sedovo_1.jpg"
"8","7","2","(MHNT)_Bombus_pascuorum_on_Lavandula_angustifolia.jpg","https://commons.wikimedia.org/wiki/File:(MHNT)_Bombus_pascuorum_on_Lavandula_angustifolia.jpg","https://commons.wikimedia.org/wiki/Special:FilePath/%28MHNT%29_Bombus_pascuorum_on_Lavandula_angustifolia.jpg","recipe-008-img-02-MHNT__Bombus_pascuorum_on_Lavandula_angustifolia.jpg"
"9","8","1","Borago officinalis Ogórecznik lekarski 2023-02-22 02.jpg","https://commons.wikimedia.org/wiki/File:Borago_officinalis_Og%C3%B3recznik_lekarski_2023-02-22_02.jpg","https://commons.wikimedia.org/wiki/Special:FilePath/Borago%20officinalis%20Og%C3%B3recznik%20lekarski%202023-02-22%2002.jpg","recipe-009-img-01-Borago_officinalis_Og_recznik_lekarski_2023-02-22_02.jpg"
"9","8","2","Borago_officinalis_in_Stari_Grad,_Hvar,_Croatia_20230527_03.jpg","https://commons.wikimedia.org/wiki/File:Borago_officinalis_in_Stari_Grad,_Hvar,_Croatia_20230527_03.jpg","https://commons.wikimedia.org/wiki/Special:FilePath/Borago_officinalis_in_Stari_Grad%2C_Hvar%2C_Croatia_20230527_03.jpg","recipe-009-img-02-Borago_officinalis_in_Stari_Grad__Hvar__Croatia_20230527_03.jpg"
"10","9","1","Hand Made Sloe Gin.jpg","https://commons.wikimedia.org/wiki/File:Hand_Made_Sloe_Gin.jpg","https://commons.wikimedia.org/wiki/Special:FilePath/Hand%20Made%20Sloe%20Gin.jpg","recipe-010-img-01-Hand_Made_Sloe_Gin.jpg"
"10","9","2","Sloe berries - geograph.org.uk - 6573938.jpg","https://commons.wikimedia.org/wiki/File:Sloe_berries_-_geograph.org.uk_-_6573938.jpg","https://commons.wikimedia.org/wiki/Special:FilePath/Sloe%20berries%20-%20geograph.org.uk%20-%206573938.jpg","recipe-010-img-02-Sloe_berries_-_geograph.org.uk_-_6573938.jpg"
"10","9","3","Closeup_of_blackthorn_aka_sloe_aka_prunus_spinosa_sweden_20050924.jpg","https://commons.wikimedia.org/wiki/File:Closeup_of_blackthorn_aka_sloe_aka_prunus_spinosa_sweden_20050924.jpg","https://commons.wikimedia.org/wiki/Special:FilePath/Closeup_of_blackthorn_aka_sloe_aka_prunus_spinosa_sweden_20050924.jpg","recipe-010-img-03-Closeup_of_blackthorn_aka_sloe_aka_prunus_spinosa_sweden_20050924.jpg"
"11","10","1","Sambucus nigra-fruit001.jpg","https://commons.wikimedia.org/wiki/File:Sambucus_nigra-fruit001.jpg","https://commons.wikimedia.org/wiki/Special:FilePath/Sambucus%20nigra-fruit001.jpg","recipe-011-img-01-Sambucus_nigra-fruit001.jpg"
"11","10","2","Dried Star Anise Fruit Seeds.jpg","https://commons.wikimedia.org/wiki/File:Dried_Star_Anise_Fruit_Seeds.jpg","https://commons.wikimedia.org/wiki/Special:FilePath/Dried%20Star%20Anise%20Fruit%20Seeds.jpg","recipe-011-img-02-Dried_Star_Anise_Fruit_Seeds.jpg"
"11","10","3","Sambucus_nigra_fruit_3.JPG","https://commons.wikimedia.org/wiki/File:Sambucus_nigra_fruit_3.JPG","https://commons.wikimedia.org/wiki/Special:FilePath/Sambucus_nigra_fruit_3.JPG","recipe-011-img-03-Sambucus_nigra_fruit_3.JPG"
"12","11","1","Mentha pulegium kz05.jpg","https://commons.wikimedia.org/wiki/File:Mentha_pulegium_kz05.jpg","https://commons.wikimedia.org/wiki/Special:FilePath/Mentha%20pulegium%20kz05.jpg","recipe-012-img-01-Mentha_pulegium_kz05.jpg"
"12","11","2","Mentha_pulegium_kz08.jpg","https://commons.wikimedia.org/wiki/File:Mentha_pulegium_kz08.jpg","https://commons.wikimedia.org/wiki/Special:FilePath/Mentha_pulegium_kz08.jpg","recipe-012-img-02-Mentha_pulegium_kz08.jpg"
"13","12","1","Ruta graveolens3.jpg","https://commons.wikimedia.org/wiki/File:Ruta_graveolens3.jpg","https://commons.wikimedia.org/wiki/Special:FilePath/Ruta%20graveolens3.jpg","recipe-013-img-01-Ruta_graveolens3.jpg"
"13","12","2","Artemisia absinthium in Aveyron (2).jpg","https://commons.wikimedia.org/wiki/File:Artemisia_absinthium_in_Aveyron_(2).jpg","https://commons.wikimedia.org/wiki/Special:FilePath/Artemisia%20absinthium%20in%20Aveyron%20%282%29.jpg","recipe-013-img-02-Artemisia_absinthium_in_Aveyron_2_.jpg"
"13","12","3","Angelica archangelica subsp. archangelica Dzięgiel litwor 2019-06-07 04.jpg","https://commons.wikimedia.org/wiki/File:Angelica_archangelica_subsp._archangelica_Dzi%C4%99giel_litwor_2019-06-07_04.jpg","https://commons.wikimedia.org/wiki/Special:FilePath/Angelica%20archangelica%20subsp.%20archangelica%20Dzi%C4%99giel%20litwor%202019-06-07%2004.jpg","recipe-013-img-03-Angelica_archangelica_subsp._archangelica_Dzi_giel_litwor_2019-06-07_04.jpg"
"14","13","1","Quercus robur Dąb szypułkowy 2015-04-19 Wrocław Las Sołtysowicki 07.jpg","https://commons.wikimedia.org/wiki/File:Quercus_robur_D%C4%85b_szypu%C5%82kowy_2015-04-19_Wroc%C5%82aw_Las_So%C5%82tysowicki_07.jpg","https://commons.wikimedia.org/wiki/Special:FilePath/Quercus%20robur%20D%C4%85b%20szypu%C5%82kowy%202015-04-19%20Wroc%C5%82aw%20Las%20So%C5%82tysowicki%2007.jpg","recipe-014-img-01-Quercus_robur_D_b_szypu_kowy_2015-04-19_Wroc_aw_Las_So_tysowicki_07.jpg"
"14","13","2","Kamen_Naturdenkmal_Stieleiche_Quercus_robur_IMGP3707_smial_wp.jpg","https://commons.wikimedia.org/wiki/File:Kamen_Naturdenkmal_Stieleiche_Quercus_robur_IMGP3707_smial_wp.jpg","https://commons.wikimedia.org/wiki/Special:FilePath/Kamen_Naturdenkmal_Stieleiche_Quercus_robur_IMGP3707_smial_wp.jpg","recipe-014-img-02-Kamen_Naturdenkmal_Stieleiche_Quercus_robur_IMGP3707_smial_wp.jpg"
"15","14","1","Artemisia vulgaris 2018-05-05 1062.jpg","https://commons.wikimedia.org/wiki/File:Artemisia_vulgaris_2018-05-05_1062.jpg","https://commons.wikimedia.org/wiki/Special:FilePath/Artemisia%20vulgaris%202018-05-05%201062.jpg","recipe-015-img-01-Artemisia_vulgaris_2018-05-05_1062.jpg"
"15","14","2","Artemisia_vulgaris_107823165.jpg","https://commons.wikimedia.org/wiki/File:Artemisia_vulgaris_107823165.jpg","https://commons.wikimedia.org/wiki/Special:FilePath/Artemisia_vulgaris_107823165.jpg","recipe-015-img-02-Artemisia_vulgaris_107823165.jpg"
"16","15","1","Betonica officinalis kz.jpg","https://commons.wikimedia.org/wiki/File:Betonica_officinalis_kz.jpg","https://commons.wikimedia.org/wiki/Special:FilePath/Betonica%20officinalis%20kz.jpg","recipe-016-img-01-Betonica_officinalis_kz.jpg"
"16","15","2","Stachys officinalis RF.jpg","https://commons.wikimedia.org/wiki/File:Stachys_officinalis_RF.jpg","https://commons.wikimedia.org/wiki/Special:FilePath/Stachys%20officinalis%20RF.jpg","recipe-016-img-02-Stachys_officinalis_RF.jpg"
"16","15","3","Moulis_-_Betonica_officinalis_-_20110701_(1).jpg","https://commons.wikimedia.org/wiki/File:Moulis_-_Betonica_officinalis_-_20110701_(1).jpg","https://commons.wikimedia.org/wiki/Special:FilePath/Moulis_-_Betonica_officinalis_-_20110701_%281%29.jpg","recipe-016-img-03-Moulis_-_Betonica_officinalis_-_20110701__1_.jpg"
"17","16","1","P1090247(4x3)-Rosmarinus officinalis (41960388224).jpg","https://commons.wikimedia.org/wiki/File:P1090247(4x3)-Rosmarinus_officinalis_(41960388224).jpg","https://commons.wikimedia.org/wiki/Special:FilePath/P1090247%284x3%29-Rosmarinus%20officinalis%20%2841960388224%29.jpg","recipe-017-img-01-P1090247_4x3_-Rosmarinus_officinalis_41960388224_.jpg"
"17","16","2","Rosmarinus_officinalis_'Tuscan_Blue'1.jpg","https://commons.wikimedia.org/wiki/File:Rosmarinus_officinalis_%27Tuscan_Blue%271.jpg","https://commons.wikimedia.org/wiki/Special:FilePath/Rosmarinus_officinalis_%27Tuscan_Blue%271.jpg","recipe-017-img-02-Rosmarinus_officinalis__Tuscan_Blue_1.jpg"
"18","17","1","Inula helenium 002.JPG","https://commons.wikimedia.org/wiki/File:Inula_helenium_002.JPG","https://commons.wikimedia.org/wiki/Special:FilePath/Inula%20helenium%20002.JPG","recipe-018-img-01-Inula_helenium_002.JPG"
"18","17","2","Inula_helenium_Oman_wielki_2020-07-22_01.jpg","https://commons.wikimedia.org/wiki/File:Inula_helenium_Oman_wielki_2020-07-22_01.jpg","https://commons.wikimedia.org/wiki/Special:FilePath/Inula_helenium_Oman_wielki_2020-07-22_01.jpg","recipe-018-img-02-Inula_helenium_Oman_wielki_2020-07-22_01.jpg"
"19","18","1","Bloem van een kerstroos (Helleborus niger) 16-12-2021. (d.j.b) 01.jpg","https://commons.wikimedia.org/wiki/File:Bloem_van_een_kerstroos_(Helleborus_niger)_16-12-2021._(d.j.b)_01.jpg","https://commons.wikimedia.org/wiki/Special:FilePath/Bloem%20van%20een%20kerstroos%20%28Helleborus%20niger%29%2016-12-2021.%20%28d.j.b%29%2001.jpg","recipe-019-img-01-Bloem_van_een_kerstroos_Helleborus_niger_16-12-2021._d.j.b_01.jpg"
"19","18","2","Helleborus_niger_RF.jpg","https://commons.wikimedia.org/wiki/File:Helleborus_niger_RF.jpg","https://commons.wikimedia.org/wiki/Special:FilePath/Helleborus_niger_RF.jpg","recipe-019-img-02-Helleborus_niger_RF.jpg"
"20","19","1","Myroxylon balsamum Seeds on Fallen Tree in Udawattakele 1.jpg","https://commons.wikimedia.org/wiki/File:Myroxylon_balsamum_Seeds_on_Fallen_Tree_in_Udawattakele_1.jpg","https://commons.wikimedia.org/wiki/Special:FilePath/Myroxylon%20balsamum%20Seeds%20on%20Fallen%20Tree%20in%20Udawattakele%201.jpg","recipe-020-img-01-Myroxylon_balsamum_Seeds_on_Fallen_Tree_in_Udawattakele_1.jpg"
"20","19","2","Köhler's_Medizinal-Pflanzen_in_naturgetreuen_Abbildungen_mit_kurz_erläuterndem_Texte_(Plate_183)_(8232819902).jpg","https://commons.wikimedia.org/wiki/File:K%C3%B6hler%27s_Medizinal-Pflanzen_in_naturgetreuen_Abbildungen_mit_kurz_erl%C3%A4uterndem_Texte_(Plate_183)_(8232819902).jpg","https://commons.wikimedia.org/wiki/Special:FilePath/K%C3%B6hler%27s_Medizinal-Pflanzen_in_naturgetreuen_Abbildungen_mit_kurz_erl%C3%A4uterndem_Texte_%28Plate_183%29_%288232819902%29.jpg","recipe-020-img-02-K_hler_s_Medizinal-Pflanzen_in_naturgetreuen_Abbildungen_mit_kurz_erl_uterndem_Texte__Plate_183___8232819902_.jpg"
"21","20","1","Acorus calamus kz05.jpg","https://commons.wikimedia.org/wiki/File:Acorus_calamus_kz05.jpg","https://commons.wikimedia.org/wiki/Special:FilePath/Acorus%20calamus%20kz05.jpg","recipe-021-img-01-Acorus_calamus_kz05.jpg"
"21","20","2","Acorus_calamus_002.JPG","https://commons.wikimedia.org/wiki/File:Acorus_calamus_002.JPG","https://commons.wikimedia.org/wiki/Special:FilePath/Acorus_calamus_002.JPG","recipe-021-img-02-Acorus_calamus_002.JPG"
"22","21","1","Marrubium vulgare kz05.jpg","https://commons.wikimedia.org/wiki/File:Marrubium_vulgare_kz05.jpg","https://commons.wikimedia.org/wiki/Special:FilePath/Marrubium%20vulgare%20kz05.jpg","recipe-022-img-01-Marrubium_vulgare_kz05.jpg"
"22","21","2","Marrubium_vulgare_kz20.jpg","https://commons.wikimedia.org/wiki/File:Marrubium_vulgare_kz20.jpg","https://commons.wikimedia.org/wiki/Special:FilePath/Marrubium_vulgare_kz20.jpg","recipe-022-img-02-Marrubium_vulgare_kz20.jpg"
"23","22","1","Valeriana officinalis kz06.jpg","https://commons.wikimedia.org/wiki/File:Valeriana_officinalis_kz06.jpg","https://commons.wikimedia.org/wiki/Special:FilePath/Valeriana%20officinalis%20kz06.jpg","recipe-023-img-01-Valeriana_officinalis_kz06.jpg"
"23","22","2","Humulus lupulus, Montour Trail, 2024-09-19-1.jpg","https://commons.wikimedia.org/wiki/File:Humulus_lupulus,_Montour_Trail,_2024-09-19-1.jpg","https://commons.wikimedia.org/wiki/Special:FilePath/Humulus%20lupulus%2C%20Montour%20Trail%2C%202024-09-19-1.jpg","recipe-023-img-02-Humulus_lupulus_Montour_Trail_2024-09-19-1.jpg"
"23","22","3","Valeriana_officinalis_inflorescence_-_Niitvälja.jpg","https://commons.wikimedia.org/wiki/File:Valeriana_officinalis_inflorescence_-_Niitv%C3%A4lja.jpg","https://commons.wikimedia.org/wiki/Special:FilePath/Valeriana_officinalis_inflorescence_-_Niitv%C3%A4lja.jpg","recipe-023-img-03-Valeriana_officinalis_inflorescence_-_Niitv_lja.jpg"
"24","23","1","Althaea officinalis, Carnegie, 2025-07-02-4.jpg","https://commons.wikimedia.org/wiki/File:Althaea_officinalis,_Carnegie,_2025-07-02-4.jpg","https://commons.wikimedia.org/wiki/Special:FilePath/Althaea%20officinalis%2C%20Carnegie%2C%202025-07-02-4.jpg","recipe-024-img-01-Althaea_officinalis_Carnegie_2025-07-02-4.jpg"
"24","23","2","Althaea_officinalis,_2020-10-04,_Carnegie,_01.jpg","https://commons.wikimedia.org/wiki/File:Althaea_officinalis,_2020-10-04,_Carnegie,_01.jpg","https://commons.wikimedia.org/wiki/Special:FilePath/Althaea_officinalis%2C_2020-10-04%2C_Carnegie%2C_01.jpg","recipe-024-img-02-Althaea_officinalis__2020-10-04__Carnegie__01.jpg"
"25","24","1","Agrimonia eupatoria01.jpg","https://commons.wikimedia.org/wiki/File:Agrimonia_eupatoria01.jpg","https://commons.wikimedia.org/wiki/Special:FilePath/Agrimonia%20eupatoria01.jpg","recipe-025-img-01-Agrimonia_eupatoria01.jpg"
"25","24","2","Agrimonia_eupatoria_-_Keila.jpg","https://commons.wikimedia.org/wiki/File:Agrimonia_eupatoria_-_Keila.jpg","https://commons.wikimedia.org/wiki/Special:FilePath/Agrimonia_eupatoria_-_Keila.jpg","recipe-025-img-02-Agrimonia_eupatoria_-_Keila.jpg"
"26","25","1","Parietaria judaica 2 RF.jpg","https://commons.wikimedia.org/wiki/File:Parietaria_judaica_2_RF.jpg","https://commons.wikimedia.org/wiki/Special:FilePath/Parietaria%20judaica%202%20RF.jpg","recipe-026-img-01-Parietaria_judaica_2_RF.jpg"
"26","25","2","Parietaria_judaica_RF.jpg","https://commons.wikimedia.org/wiki/File:Parietaria_judaica_RF.jpg","https://commons.wikimedia.org/wiki/Special:FilePath/Parietaria_judaica_RF.jpg","recipe-026-img-02-Parietaria_judaica_RF.jpg"
"27","26","1","Angelica archangelica 2 RF.jpg","https://commons.wikimedia.org/wiki/File:Angelica_archangelica_2_RF.jpg","https://commons.wikimedia.org/wiki/Special:FilePath/Angelica%20archangelica%202%20RF.jpg","recipe-027-img-01-Angelica_archangelica_2_RF.jpg"
"27","26","2","Angelica_archangelica_subsp._archangelica_Dzięgiel_litwor_2019-06-07_03.jpg","https://commons.wikimedia.org/wiki/File:Angelica_archangelica_subsp._archangelica_Dzi%C4%99giel_litwor_2019-06-07_03.jpg","https://commons.wikimedia.org/wiki/Special:FilePath/Angelica_archangelica_subsp._archangelica_Dzi%C4%99giel_litwor_2019-06-07_03.jpg","recipe-027-img-02-Angelica_archangelica_subsp._archangelica_Dzi_giel_litwor_2019-06-07_03.jpg"
"28","27","1","Cetraria islandica 105670174.jpg","https://commons.wikimedia.org/wiki/File:Cetraria_islandica_105670174.jpg","https://commons.wikimedia.org/wiki/Special:FilePath/Cetraria%20islandica%20105670174.jpg","recipe-028-img-01-Cetraria_islandica_105670174.jpg"
"28","27","2","Cetraria_islandica_-_panoramio.jpg","https://commons.wikimedia.org/wiki/File:Cetraria_islandica_-_panoramio.jpg","https://commons.wikimedia.org/wiki/Special:FilePath/Cetraria_islandica_-_panoramio.jpg","recipe-028-img-02-Cetraria_islandica_-_panoramio.jpg"
"29","28","1","Rubus chamaemorus close-up.JPG","https://commons.wikimedia.org/wiki/File:Rubus_chamaemorus_close-up.JPG","https://commons.wikimedia.org/wiki/Special:FilePath/Rubus%20chamaemorus%20close-up.JPG","recipe-029-img-01-Rubus_chamaemorus_close-up.JPG"
"29","28","2","Hjortron.jpg","https://commons.wikimedia.org/wiki/File:Hjortron.jpg","https://commons.wikimedia.org/wiki/Special:FilePath/Hjortron.jpg","recipe-029-img-02-Hjortron.jpg"
"29","28","3","Rubus_chamaemorus_15-p.bot-rubus.chama-31.jpg","https://commons.wikimedia.org/wiki/File:Rubus_chamaemorus_15-p.bot-rubus.chama-31.jpg","https://commons.wikimedia.org/wiki/Special:FilePath/Rubus_chamaemorus_15-p.bot-rubus.chama-31.jpg","recipe-029-img-03-Rubus_chamaemorus_15-p.bot-rubus.chama-31.jpg"
"30","29","1","Burdock root 2.jpg","https://commons.wikimedia.org/wiki/File:Burdock_root_2.jpg","https://commons.wikimedia.org/wiki/Special:FilePath/Burdock%20root%202.jpg","recipe-030-img-01-Burdock_root_2.jpg"
"30","29","2","16_-_IMG_20160419_171255.jpg","https://commons.wikimedia.org/wiki/File:16_-_IMG_20160419_171255.jpg","https://commons.wikimedia.org/wiki/Special:FilePath/16_-_IMG_20160419_171255.jpg","recipe-030-img-02-16_-_IMG_20160419_171255.jpg"
"31","30","1","Pinus sylvestris MHNT.BOT.2005.0.971.jpg","https://commons.wikimedia.org/wiki/File:Pinus_sylvestris_MHNT.BOT.2005.0.971.jpg","https://commons.wikimedia.org/wiki/Special:FilePath/Pinus%20sylvestris%20MHNT.BOT.2005.0.971.jpg","recipe-031-img-01-Pinus_sylvestris_MHNT.BOT.2005.0.971.jpg"
"31","30","2","Pinus_sylvestris_2020_G2.jpg","https://commons.wikimedia.org/wiki/File:Pinus_sylvestris_2020_G2.jpg","https://commons.wikimedia.org/wiki/Special:FilePath/Pinus_sylvestris_2020_G2.jpg","recipe-031-img-02-Pinus_sylvestris_2020_G2.jpg"
"32","31","1","Trifolium pratense - Keila2.jpg","https://commons.wikimedia.org/wiki/File:Trifolium_pratense_-_Keila2.jpg","https://commons.wikimedia.org/wiki/Special:FilePath/Trifolium%20pratense%20-%20Keila2.jpg","recipe-032-img-01-Trifolium_pratense_-_Keila2.jpg"
"32","31","2","Trifolium_pratense_RF.jpg","https://commons.wikimedia.org/wiki/File:Trifolium_pratense_RF.jpg","https://commons.wikimedia.org/wiki/Special:FilePath/Trifolium_pratense_RF.jpg","recipe-032-img-02-Trifolium_pratense_RF.jpg"
"33","32","1","Breckland Thyme Thymus serpyllum (6169103649).jpg","https://commons.wikimedia.org/wiki/File:Breckland_Thyme_Thymus_serpyllum_(6169103649).jpg","https://commons.wikimedia.org/wiki/Special:FilePath/Breckland%20Thyme%20Thymus%20serpyllum%20%286169103649%29.jpg","recipe-033-img-01-Breckland_Thyme_Thymus_serpyllum_6169103649_.jpg"
"33","32","2","Thymus_serpyllum_2018-07-06_3567.jpg","https://commons.wikimedia.org/wiki/File:Thymus_serpyllum_2018-07-06_3567.jpg","https://commons.wikimedia.org/wiki/Special:FilePath/Thymus_serpyllum_2018-07-06_3567.jpg","recipe-033-img-02-Thymus_serpyllum_2018-07-06_3567.jpg"
"34","33","1","Hypericum perforatum kz07.jpg","https://commons.wikimedia.org/wiki/File:Hypericum_perforatum_kz07.jpg","https://commons.wikimedia.org/wiki/Special:FilePath/Hypericum%20perforatum%20kz07.jpg","recipe-034-img-01-Hypericum_perforatum_kz07.jpg"
"34","33","2","Hypericum_perforatum_Dziurawiec_zwyczajny_2020-07-12_05.jpg","https://commons.wikimedia.org/wiki/File:Hypericum_perforatum_Dziurawiec_zwyczajny_2020-07-12_05.jpg","https://commons.wikimedia.org/wiki/Special:FilePath/Hypericum_perforatum_Dziurawiec_zwyczajny_2020-07-12_05.jpg","recipe-034-img-02-Hypericum_perforatum_Dziurawiec_zwyczajny_2020-07-12_05.jpg"
"35","34","1","Pulmonaria obscura20230424 19451.jpg","https://commons.wikimedia.org/wiki/File:Pulmonaria_obscura20230424_19451.jpg","https://commons.wikimedia.org/wiki/Special:FilePath/Pulmonaria%20obscura20230424%2019451.jpg","recipe-035-img-01-Pulmonaria_obscura20230424_19451.jpg"
"35","34","2","Lungwort_(Pulmonaria_officinalis)_-_geograph.org.uk_-_1213605.jpg","https://commons.wikimedia.org/wiki/File:Lungwort_(Pulmonaria_officinalis)_-_geograph.org.uk_-_1213605.jpg","https://commons.wikimedia.org/wiki/Special:FilePath/Lungwort_%28Pulmonaria_officinalis%29_-_geograph.org.uk_-_1213605.jpg","recipe-035-img-02-Lungwort__Pulmonaria_officinalis__-_geograph.org.uk_-_1213605.jpg"
"36","35","1","Goat's rue, Faversham - geograph.org.uk - 8073267.jpg","https://commons.wikimedia.org/wiki/File:Goat%27s_rue,_Faversham_-_geograph.org.uk_-_8073267.jpg","https://commons.wikimedia.org/wiki/Special:FilePath/Goat%27s%20rue%2C%20Faversham%20-%20geograph.org.uk%20-%208073267.jpg","recipe-036-img-01-Goat_s_rue_Faversham_-_geograph.org.uk_-_8073267.jpg"
"36","35","2","Galega_officinalis_2.jpg","https://commons.wikimedia.org/wiki/File:Galega_officinalis_2.jpg","https://commons.wikimedia.org/wiki/Special:FilePath/Galega_officinalis_2.jpg","recipe-036-img-02-Galega_officinalis_2.jpg"
"37","36","1","Heidelbeeren auf dem Ast IMG 3415WI2.jpg","https://commons.wikimedia.org/wiki/File:Heidelbeeren_auf_dem_Ast_IMG_3415WI2.jpg","https://commons.wikimedia.org/wiki/Special:FilePath/Heidelbeeren%20auf%20dem%20Ast%20IMG%203415WI2.jpg","recipe-037-img-01-Heidelbeeren_auf_dem_Ast_IMG_3415WI2.jpg"
"37","36","2","Vaccinium_myrtillus_-_Bilberry_03.jpg","https://commons.wikimedia.org/wiki/File:Vaccinium_myrtillus_-_Bilberry_03.jpg","https://commons.wikimedia.org/wiki/Special:FilePath/Vaccinium_myrtillus_-_Bilberry_03.jpg","recipe-037-img-02-Vaccinium_myrtillus_-_Bilberry_03.jpg"
"38","37","1","Chelidonium majus bgiu.jpg","https://commons.wikimedia.org/wiki/File:Chelidonium_majus_bgiu.jpg","https://commons.wikimedia.org/wiki/Special:FilePath/Chelidonium%20majus%20bgiu.jpg","recipe-038-img-01-Chelidonium_majus_bgiu.jpg"
"38","37","2","Flowers_of_Chelidonium_majus.jpg","https://commons.wikimedia.org/wiki/File:Flowers_of_Chelidonium_majus.jpg","https://commons.wikimedia.org/wiki/Special:FilePath/Flowers_of_Chelidonium_majus.jpg","recipe-038-img-02-Flowers_of_Chelidonium_majus.jpg"
"39","38","1","Usnea barbata 112027480.jpg","https://commons.wikimedia.org/wiki/File:Usnea_barbata_112027480.jpg","https://commons.wikimedia.org/wiki/Special:FilePath/Usnea%20barbata%20112027480.jpg","recipe-039-img-01-Usnea_barbata_112027480.jpg"
"39","38","2","Cladonia rangiferina 205412.jpg","https://commons.wikimedia.org/wiki/File:Cladonia_rangiferina_205412.jpg","https://commons.wikimedia.org/wiki/Special:FilePath/Cladonia%20rangiferina%20205412.jpg","recipe-039-img-02-Cladonia_rangiferina_205412.jpg"
"39","38","3","Beard_Lichen_(Usnea_sp.)_(20009437543).jpg","https://commons.wikimedia.org/wiki/File:Beard_Lichen_(Usnea_sp.)_(20009437543).jpg","https://commons.wikimedia.org/wiki/Special:FilePath/Beard_Lichen_%28Usnea_sp.%29_%2820009437543%29.jpg","recipe-039-img-03-Beard_Lichen__Usnea_sp.___20009437543_.jpg"
"40","39","1","Equisetum arvense 126536963.jpg","https://commons.wikimedia.org/wiki/File:Equisetum_arvense_126536963.jpg","https://commons.wikimedia.org/wiki/Special:FilePath/Equisetum%20arvense%20126536963.jpg","recipe-040-img-01-Equisetum_arvense_126536963.jpg"
"40","39","2","Equisetum_arvense_kz08.jpg","https://commons.wikimedia.org/wiki/File:Equisetum_arvense_kz08.jpg","https://commons.wikimedia.org/wiki/Special:FilePath/Equisetum_arvense_kz08.jpg","recipe-040-img-02-Equisetum_arvense_kz08.jpg"
"41","40","1","Ledum groenlandicum 001.jpg","https://commons.wikimedia.org/wiki/File:Ledum_groenlandicum_001.jpg","https://commons.wikimedia.org/wiki/Special:FilePath/Ledum%20groenlandicum%20001.jpg","recipe-041-img-01-Ledum_groenlandicum_001.jpg"
"41","40","2","Wild Rosemary - Flickr - treegrow (1).jpg","https://commons.wikimedia.org/wiki/File:Wild_Rosemary_-_Flickr_-_treegrow_(1).jpg","https://commons.wikimedia.org/wiki/Special:FilePath/Wild%20Rosemary%20-%20Flickr%20-%20treegrow%20%281%29.jpg","recipe-041-img-02-Wild_Rosemary_-_Flickr_-_treegrow_1_.jpg"
"41","40","3","Rhododendron-palustre.JPG","https://commons.wikimedia.org/wiki/File:Rhododendron-palustre.JPG","https://commons.wikimedia.org/wiki/Special:FilePath/Rhododendron-palustre.JPG","recipe-041-img-03-Rhododendron-palustre.JPG"
"42","41","1","Yarrow (Achillea millefolium).jpg","https://commons.wikimedia.org/wiki/File:Yarrow_(Achillea_millefolium).jpg","https://commons.wikimedia.org/wiki/Special:FilePath/Yarrow%20%28Achillea%20millefolium%29.jpg","recipe-042-img-01-Yarrow_Achillea_millefolium_.jpg"
"42","41","2","Achillea_millefolium_(52354).jpg","https://commons.wikimedia.org/wiki/File:Achillea_millefolium_(52354).jpg","https://commons.wikimedia.org/wiki/Special:FilePath/Achillea_millefolium_%2852354%29.jpg","recipe-042-img-02-Achillea_millefolium__52354_.jpg"
"43","42","1","Gruenkern.jpg","https://commons.wikimedia.org/wiki/File:Gruenkern.jpg","https://commons.wikimedia.org/wiki/Special:FilePath/Gruenkern.jpg","recipe-043-img-01-Gruenkern.jpg"
"43","42","2","Triticum_spelta_RF.jpg","https://commons.wikimedia.org/wiki/File:Triticum_spelta_RF.jpg","https://commons.wikimedia.org/wiki/Special:FilePath/Triticum_spelta_RF.jpg","recipe-043-img-02-Triticum_spelta_RF.jpg"
"44","43","1","Calamintha nepeta 1652.jpg","https://commons.wikimedia.org/wiki/File:Calamintha_nepeta_1652.jpg","https://commons.wikimedia.org/wiki/Special:FilePath/Calamintha%20nepeta%201652.jpg","recipe-044-img-01-Calamintha_nepeta_1652.jpg"
"44","43","2","Calamintha_Nepeta_(163604195).jpeg","https://commons.wikimedia.org/wiki/File:Calamintha_Nepeta_(163604195).jpeg","https://commons.wikimedia.org/wiki/Special:FilePath/Calamintha_Nepeta_%28163604195%29.jpeg","recipe-044-img-02-Calamintha_Nepeta__163604195_.jpeg"
"45","44","1","Origanum dictamnus kz09.jpg","https://commons.wikimedia.org/wiki/File:Origanum_dictamnus_kz09.jpg","https://commons.wikimedia.org/wiki/Special:FilePath/Origanum%20dictamnus%20kz09.jpg","recipe-045-img-01-Origanum_dictamnus_kz09.jpg"
"45","44","2","Origanum_dictamnus_GotBot_2015_001.jpg","https://commons.wikimedia.org/wiki/File:Origanum_dictamnus_GotBot_2015_001.jpg","https://commons.wikimedia.org/wiki/Special:FilePath/Origanum_dictamnus_GotBot_2015_001.jpg","recipe-045-img-02-Origanum_dictamnus_GotBot_2015_001.jpg"
"46","45","1","Stachys sylvatica Czyściec leśny 2022-06-26 02.jpg","https://commons.wikimedia.org/wiki/File:Stachys_sylvatica_Czy%C5%9Bciec_le%C5%9Bny_2022-06-26_02.jpg","https://commons.wikimedia.org/wiki/Special:FilePath/Stachys%20sylvatica%20Czy%C5%9Bciec%20le%C5%9Bny%202022-06-26%2002.jpg","recipe-046-img-01-Stachys_sylvatica_Czy_ciec_le_ny_2022-06-26_02.jpg"
"46","45","2","Stachys_sylvatica_-_mets-nõianõges.jpg","https://commons.wikimedia.org/wiki/File:Stachys_sylvatica_-_mets-n%C3%B5ian%C3%B5ges.jpg","https://commons.wikimedia.org/wiki/Special:FilePath/Stachys_sylvatica_-_mets-n%C3%B5ian%C3%B5ges.jpg","recipe-046-img-02-Stachys_sylvatica_-_mets-n_ian_ges.jpg"
"47","46","1","Verbascum thapsus 2024 Jun, July ON Canada Laslovarga (8).jpg","https://commons.wikimedia.org/wiki/File:Verbascum_thapsus_2024_Jun,_July_ON_Canada_Laslovarga_(8).jpg","https://commons.wikimedia.org/wiki/Special:FilePath/Verbascum%20thapsus%202024%20Jun%2C%20July%20ON%20Canada%20Laslovarga%20%288%29.jpg","recipe-047-img-01-Verbascum_thapsus_2024_Jun_July_ON_Canada_Laslovarga_8_.jpg"
"47","46","2","Königskerze_IMG_6063.jpg","https://commons.wikimedia.org/wiki/File:K%C3%B6nigskerze_IMG_6063.jpg","https://commons.wikimedia.org/wiki/Special:FilePath/K%C3%B6nigskerze_IMG_6063.jpg","recipe-047-img-02-K_nigskerze_IMG_6063.jpg"
"48","47","1","Meadowsweet by Lysekil Line in Brastad 7.jpg","https://commons.wikimedia.org/wiki/File:Meadowsweet_by_Lysekil_Line_in_Brastad_7.jpg","https://commons.wikimedia.org/wiki/Special:FilePath/Meadowsweet%20by%20Lysekil%20Line%20in%20Brastad%207.jpg","recipe-048-img-01-Meadowsweet_by_Lysekil_Line_in_Brastad_7.jpg"
"48","47","2","Spiraea_lucida_along_Chiwakum_Creek_Trail.jpg","https://commons.wikimedia.org/wiki/File:Spiraea_lucida_along_Chiwakum_Creek_Trail.jpg","https://commons.wikimedia.org/wiki/Special:FilePath/Spiraea_lucida_along_Chiwakum_Creek_Trail.jpg","recipe-048-img-02-Spiraea_lucida_along_Chiwakum_Creek_Trail.jpg"
"48","47","3","Spiraea_lucida_3.jpg","https://commons.wikimedia.org/wiki/File:Spiraea_lucida_3.jpg","https://commons.wikimedia.org/wiki/Special:FilePath/Spiraea_lucida_3.jpg","recipe-048-img-03-Spiraea_lucida_3.jpg"
"49","48","1","Marrubium vulgare leaf Jenene Kidston (14453015387).jpg","https://commons.wikimedia.org/wiki/File:Marrubium_vulgare_leaf_Jenene_Kidston_(14453015387).jpg","https://commons.wikimedia.org/wiki/Special:FilePath/Marrubium%20vulgare%20leaf%20Jenene%20Kidston%20%2814453015387%29.jpg","recipe-049-img-01-Marrubium_vulgare_leaf_Jenene_Kidston_14453015387_.jpg"
"49","48","2","Marrubium_vulgare_kz17.jpg","https://commons.wikimedia.org/wiki/File:Marrubium_vulgare_kz17.jpg","https://commons.wikimedia.org/wiki/Special:FilePath/Marrubium_vulgare_kz17.jpg","recipe-049-img-02-Marrubium_vulgare_kz17.jpg"
"50","49","1","P1090247(4x3)-Rosmarinus officinalis (41960388224).jpg","https://commons.wikimedia.org/wiki/File:P1090247(4x3)-Rosmarinus_officinalis_(41960388224).jpg","https://commons.wikimedia.org/wiki/Special:FilePath/P1090247%284x3%29-Rosmarinus%20officinalis%20%2841960388224%29.jpg","recipe-050-img-01-P1090247_4x3_-Rosmarinus_officinalis_41960388224_.jpg"
"50","49","2","Lavender dry.JPG","https://commons.wikimedia.org/wiki/File:Lavender_dry.JPG","https://commons.wikimedia.org/wiki/Special:FilePath/Lavender%20dry.JPG","recipe-050-img-02-Lavender_dry.JPG"
"50","49","3","Rosmarinus_officinalis133095382.jpg","https://commons.wikimedia.org/wiki/File:Rosmarinus_officinalis133095382.jpg","https://commons.wikimedia.org/wiki/Special:FilePath/Rosmarinus_officinalis133095382.jpg","recipe-050-img-03-Rosmarinus_officinalis133095382.jpg"
"51","50","1","Lactuca virosa, repousse printanière.jpg","https://commons.wikimedia.org/wiki/File:Lactuca_virosa,_repousse_printani%C3%A8re.jpg","https://commons.wikimedia.org/wiki/Special:FilePath/Lactuca%20virosa%2C%20repousse%20printani%C3%A8re.jpg","recipe-051-img-01-Lactuca_virosa_repousse_printani_re.jpg"
"51","50","2","Lactuca_virosa_01012001.JPG","https://commons.wikimedia.org/wiki/File:Lactuca_virosa_01012001.JPG","https://commons.wikimedia.org/wiki/Special:FilePath/Lactuca_virosa_01012001.JPG","recipe-051-img-02-Lactuca_virosa_01012001.JPG"
"52","51","1","Schwarzejohannisbeere.jpg","https://commons.wikimedia.org/wiki/File:Schwarzejohannisbeere.jpg","https://commons.wikimedia.org/wiki/Special:FilePath/Schwarzejohannisbeere.jpg","recipe-052-img-01-Schwarzejohannisbeere.jpg"
"52","51","2","Ribes_nigrum_a1.JPG","https://commons.wikimedia.org/wiki/File:Ribes_nigrum_a1.JPG","https://commons.wikimedia.org/wiki/Special:FilePath/Ribes_nigrum_a1.JPG","recipe-052-img-02-Ribes_nigrum_a1.JPG"
"53","52","1","Dried figs (1).jpg","https://commons.wikimedia.org/wiki/File:Dried_figs_(1).jpg","https://commons.wikimedia.org/wiki/Special:FilePath/Dried%20figs%20%281%29.jpg","recipe-053-img-01-Dried_figs_1_.jpg"
"53","52","2","Rue-Anemone Thalictrum thalictroides Pink Form Leaf 2323px.jpg","https://commons.wikimedia.org/wiki/File:Rue-Anemone_Thalictrum_thalictroides_Pink_Form_Leaf_2323px.jpg","https://commons.wikimedia.org/wiki/Special:FilePath/Rue-Anemone%20Thalictrum%20thalictroides%20Pink%20Form%20Leaf%202323px.jpg","recipe-053-img-02-Rue-Anemone_Thalictrum_thalictroides_Pink_Form_Leaf_2323px.jpg"
"53","52","3","2014-01-04-Figen_(11748534465).jpg","https://commons.wikimedia.org/wiki/File:2014-01-04-Figen_(11748534465).jpg","https://commons.wikimedia.org/wiki/Special:FilePath/2014-01-04-Figen_%2811748534465%29.jpg","recipe-053-img-03-2014-01-04-Figen__11748534465_.jpg"
"54","53","1","Fiori di ginestra.jpg","https://commons.wikimedia.org/wiki/File:Fiori_di_ginestra.jpg","https://commons.wikimedia.org/wiki/Special:FilePath/Fiori%20di%20ginestra.jpg","recipe-054-img-01-Fiori_di_ginestra.jpg"
"54","53","2","Cytisus_scoparius_001.jpg","https://commons.wikimedia.org/wiki/File:Cytisus_scoparius_001.jpg","https://commons.wikimedia.org/wiki/Special:FilePath/Cytisus_scoparius_001.jpg","recipe-054-img-02-Cytisus_scoparius_001.jpg"
"55","54","1","Sedum acre 139527554.jpg","https://commons.wikimedia.org/wiki/File:Sedum_acre_139527554.jpg","https://commons.wikimedia.org/wiki/Special:FilePath/Sedum%20acre%20139527554.jpg","recipe-055-img-01-Sedum_acre_139527554.jpg"
"55","54","2","Sedum_acre_139260883.jpg","https://commons.wikimedia.org/wiki/File:Sedum_acre_139260883.jpg","https://commons.wikimedia.org/wiki/Special:FilePath/Sedum_acre_139260883.jpg","recipe-055-img-02-Sedum_acre_139260883.jpg"
"56","55","1","Primula veris. jfg edit.jpg","https://commons.wikimedia.org/wiki/File:Primula_veris._jfg_edit.jpg","https://commons.wikimedia.org/wiki/Special:FilePath/Primula%20veris.%20jfg%20edit.jpg","recipe-056-img-01-Primula_veris._jfg_edit.jpg"
"56","55","2","20250412_Primula_veris.jpg","https://commons.wikimedia.org/wiki/File:20250412_Primula_veris.jpg","https://commons.wikimedia.org/wiki/Special:FilePath/20250412_Primula_veris.jpg","recipe-056-img-02-20250412_Primula_veris.jpg"
"57","56","1","Potentilla erecta (trebol-a).jpg","https://commons.wikimedia.org/wiki/File:Potentilla_erecta_(trebol-a).jpg","https://commons.wikimedia.org/wiki/Special:FilePath/Potentilla%20erecta%20%28trebol-a%29.jpg","recipe-057-img-01-Potentilla_erecta_trebol-a_.jpg"
"57","56","2","Potentilla_erecta_RF.jpg","https://commons.wikimedia.org/wiki/File:Potentilla_erecta_RF.jpg","https://commons.wikimedia.org/wiki/Special:FilePath/Potentilla_erecta_RF.jpg","recipe-057-img-02-Potentilla_erecta_RF.jpg"
"58","57","1","Capsella bursa-pastoris 179138593.jpg","https://commons.wikimedia.org/wiki/File:Capsella_bursa-pastoris_179138593.jpg","https://commons.wikimedia.org/wiki/Special:FilePath/Capsella%20bursa-pastoris%20179138593.jpg","recipe-058-img-01-Capsella_bursa-pastoris_179138593.jpg"
"58","57","2","Capsella_bursa-pastoris_130100160.jpg","https://commons.wikimedia.org/wiki/File:Capsella_bursa-pastoris_130100160.jpg","https://commons.wikimedia.org/wiki/Special:FilePath/Capsella_bursa-pastoris_130100160.jpg","recipe-058-img-02-Capsella_bursa-pastoris_130100160.jpg"
"59","58","1","Malva sylvestris (Grande mauve) rue des Gravelles (Saint-Maurice-de-Beynost) en juin 2019 (cropped).jpg","https://commons.wikimedia.org/wiki/File:Malva_sylvestris_(Grande_mauve)_rue_des_Gravelles_(Saint-Maurice-de-Beynost)_en_juin_2019_(cropped).jpg","https://commons.wikimedia.org/wiki/Special:FilePath/Malva%20sylvestris%20%28Grande%20mauve%29%20rue%20des%20Gravelles%20%28Saint-Maurice-de-Beynost%29%20en%20juin%202019%20%28cropped%29.jpg","recipe-059-img-01-Malva_sylvestris_Grande_mauve_rue_des_Gravelles_Saint-Maurice-de-Beynost_en_juin_2019_cropped_.jpg"
"59","58","2","Common_mallow_closeup.jpg","https://commons.wikimedia.org/wiki/File:Common_mallow_closeup.jpg","https://commons.wikimedia.org/wiki/Special:FilePath/Common_mallow_closeup.jpg","recipe-059-img-02-Common_mallow_closeup.jpg"
"60","59","1","Fenugreek seed.JPG","https://commons.wikimedia.org/wiki/File:Fenugreek_seed.JPG","https://commons.wikimedia.org/wiki/Special:FilePath/Fenugreek%20seed.JPG","recipe-060-img-01-Fenugreek_seed.JPG"
"60","59","2","2017_0102_fenugreek_seeds.jpg","https://commons.wikimedia.org/wiki/File:2017_0102_fenugreek_seeds.jpg","https://commons.wikimedia.org/wiki/Special:FilePath/2017_0102_fenugreek_seeds.jpg","recipe-060-img-02-2017_0102_fenugreek_seeds.jpg"
"61","60","1","Salvia officinalis Szałwia lekarska 2023-07-21 02.jpg","https://commons.wikimedia.org/wiki/File:Salvia_officinalis_Sza%C5%82wia_lekarska_2023-07-21_02.jpg","https://commons.wikimedia.org/wiki/Special:FilePath/Salvia%20officinalis%20Sza%C5%82wia%20lekarska%202023-07-21%2002.jpg","recipe-061-img-01-Salvia_officinalis_Sza_wia_lekarska_2023-07-21_02.jpg"
"61","60","2","Salvia_officinalis_Szałwia_lekarska_2023-07-21_01.jpg","https://commons.wikimedia.org/wiki/File:Salvia_officinalis_Sza%C5%82wia_lekarska_2023-07-21_01.jpg","https://commons.wikimedia.org/wiki/Special:FilePath/Salvia_officinalis_Sza%C5%82wia_lekarska_2023-07-21_01.jpg","recipe-061-img-02-Salvia_officinalis_Sza_wia_lekarska_2023-07-21_01.jpg"
"62","61","1","Coltsfoot and flower beetles (EDL) (26015175700).jpg","https://commons.wikimedia.org/wiki/File:Coltsfoot_and_flower_beetles_(EDL)_(26015175700).jpg","https://commons.wikimedia.org/wiki/Special:FilePath/Coltsfoot%20and%20flower%20beetles%20%28EDL%29%20%2826015175700%29.jpg","recipe-062-img-01-Coltsfoot_and_flower_beetles_EDL_26015175700_.jpg"
"62","61","2","Coltsfoot_(Tussilago_farfara),_Spier's_School,_Beith,_Ayrshire.jpg","https://commons.wikimedia.org/wiki/File:Coltsfoot_(Tussilago_farfara),_Spier%27s_School,_Beith,_Ayrshire.jpg","https://commons.wikimedia.org/wiki/Special:FilePath/Coltsfoot_%28Tussilago_farfara%29%2C_Spier%27s_School%2C_Beith%2C_Ayrshire.jpg","recipe-062-img-02-Coltsfoot__Tussilago_farfara__Spier_s_School__Beith__Ayrshire.jpg"
"63","62","1","Cichorium intybus, la Cellera de Ter.jpg","https://commons.wikimedia.org/wiki/File:Cichorium_intybus,_la_Cellera_de_Ter.jpg","https://commons.wikimedia.org/wiki/Special:FilePath/Cichorium%20intybus%2C%20la%20Cellera%20de%20Ter.jpg","recipe-063-img-01-Cichorium_intybus_la_Cellera_de_Ter.jpg"
"63","62","2","Cichorium_intybus_025.jpg","https://commons.wikimedia.org/wiki/File:Cichorium_intybus_025.jpg","https://commons.wikimedia.org/wiki/Special:FilePath/Cichorium_intybus_025.jpg","recipe-063-img-02-Cichorium_intybus_025.jpg"
"64","63","1","Leonurus cardiaca kz13.jpg","https://commons.wikimedia.org/wiki/File:Leonurus_cardiaca_kz13.jpg","https://commons.wikimedia.org/wiki/Special:FilePath/Leonurus%20cardiaca%20kz13.jpg","recipe-064-img-01-Leonurus_cardiaca_kz13.jpg"
"64","63","2","Leonurus_cardiaca_Samarsky20140814_51.jpg","https://commons.wikimedia.org/wiki/File:Leonurus_cardiaca_Samarsky20140814_51.jpg","https://commons.wikimedia.org/wiki/Special:FilePath/Leonurus_cardiaca_Samarsky20140814_51.jpg","recipe-064-img-02-Leonurus_cardiaca_Samarsky20140814_51.jpg"
"65","64","1","Cetraria islandica 105670174.jpg","https://commons.wikimedia.org/wiki/File:Cetraria_islandica_105670174.jpg","https://commons.wikimedia.org/wiki/Special:FilePath/Cetraria%20islandica%20105670174.jpg","recipe-065-img-01-Cetraria_islandica_105670174.jpg"
"65","64","2","Glycyrrhiza glabra Y01.jpg","https://commons.wikimedia.org/wiki/File:Glycyrrhiza_glabra_Y01.jpg","https://commons.wikimedia.org/wiki/Special:FilePath/Glycyrrhiza%20glabra%20Y01.jpg","recipe-065-img-02-Glycyrrhiza_glabra_Y01.jpg"
"65","64","3","Isländisches_Moos_(Cetraria_islandica)_6101.JPG","https://commons.wikimedia.org/wiki/File:Isl%C3%A4ndisches_Moos_(Cetraria_islandica)_6101.JPG","https://commons.wikimedia.org/wiki/Special:FilePath/Isl%C3%A4ndisches_Moos_%28Cetraria_islandica%29_6101.JPG","recipe-065-img-03-Isl_ndisches_Moos__Cetraria_islandica__6101.JPG"
"66","65","1","Young Birch Leaves, Trent Park, Enfield - geograph.org.uk - 5343740.jpg","https://commons.wikimedia.org/wiki/File:Young_Birch_Leaves,_Trent_Park,_Enfield_-_geograph.org.uk_-_5343740.jpg","https://commons.wikimedia.org/wiki/Special:FilePath/Young%20Birch%20Leaves%2C%20Trent%20Park%2C%20Enfield%20-%20geograph.org.uk%20-%205343740.jpg","recipe-066-img-01-Young_Birch_Leaves_Trent_Park_Enfield_-_geograph.org.uk_-_5343740.jpg"
"66","65","2","Black_Birch_Bunch.jpg","https://commons.wikimedia.org/wiki/File:Black_Birch_Bunch.jpg","https://commons.wikimedia.org/wiki/Special:FilePath/Black_Birch_Bunch.jpg","recipe-066-img-02-Black_Birch_Bunch.jpg"
"67","66","1","Viola tricolor subsp. curtisii kz02.jpg","https://commons.wikimedia.org/wiki/File:Viola_tricolor_subsp._curtisii_kz02.jpg","https://commons.wikimedia.org/wiki/Special:FilePath/Viola%20tricolor%20subsp.%20curtisii%20kz02.jpg","recipe-067-img-01-Viola_tricolor_subsp._curtisii_kz02.jpg"
"67","66","2","Viola_tricolor_ssp_tricolor_hald_sø_2009-05-13_1.jpg","https://commons.wikimedia.org/wiki/File:Viola_tricolor_ssp_tricolor_hald_s%C3%B8_2009-05-13_1.jpg","https://commons.wikimedia.org/wiki/Special:FilePath/Viola_tricolor_ssp_tricolor_hald_s%C3%B8_2009-05-13_1.jpg","recipe-067-img-02-Viola_tricolor_ssp_tricolor_hald_s__2009-05-13_1.jpg"
"68","67","1","Thuja occidentalis - cone 1 (aka).jpg","https://commons.wikimedia.org/wiki/File:Thuja_occidentalis_-_cone_1_(aka).jpg","https://commons.wikimedia.org/wiki/Special:FilePath/Thuja%20occidentalis%20-%20cone%201%20%28aka%29.jpg","recipe-068-img-01-Thuja_occidentalis_-_cone_1_aka_.jpg"
"68","67","2","Thuja_occidentalis_15-p.bot-thuja.occi-20.jpg","https://commons.wikimedia.org/wiki/File:Thuja_occidentalis_15-p.bot-thuja.occi-20.jpg","https://commons.wikimedia.org/wiki/Special:FilePath/Thuja_occidentalis_15-p.bot-thuja.occi-20.jpg","recipe-068-img-02-Thuja_occidentalis_15-p.bot-thuja.occi-20.jpg"
"69","68","1","Raspberry leaf.jpg","https://commons.wikimedia.org/wiki/File:Raspberry_leaf.jpg","https://commons.wikimedia.org/wiki/Special:FilePath/Raspberry%20leaf.jpg","recipe-069-img-01-Raspberry_leaf.jpg"
"69","68","2","Leaf_curl_of_raspberry_kędzierzawka_maliny_(2).jpg","https://commons.wikimedia.org/wiki/File:Leaf_curl_of_raspberry_k%C4%99dzierzawka_maliny_(2).jpg","https://commons.wikimedia.org/wiki/Special:FilePath/Leaf_curl_of_raspberry_k%C4%99dzierzawka_maliny_%282%29.jpg","recipe-069-img-02-Leaf_curl_of_raspberry_k_dzierzawka_maliny__2_.jpg"
"70","69","1","Nahrungsmittel 2012-07-08-9519.jpg","https://commons.wikimedia.org/wiki/File:Nahrungsmittel_2012-07-08-9519.jpg","https://commons.wikimedia.org/wiki/Special:FilePath/Nahrungsmittel%202012-07-08-9519.jpg","recipe-070-img-01-Nahrungsmittel_2012-07-08-9519.jpg"
"70","69","2","CarawaySeeds.jpg","https://commons.wikimedia.org/wiki/File:CarawaySeeds.jpg","https://commons.wikimedia.org/wiki/Special:FilePath/CarawaySeeds.jpg","recipe-070-img-02-CarawaySeeds.jpg"
"71","70","1","Vervain (Verbena officinalis) - geograph.org.uk - 4156848.jpg","https://commons.wikimedia.org/wiki/File:Vervain_(Verbena_officinalis)_-_geograph.org.uk_-_4156848.jpg","https://commons.wikimedia.org/wiki/Special:FilePath/Vervain%20%28Verbena%20officinalis%29%20-%20geograph.org.uk%20-%204156848.jpg","recipe-071-img-01-Vervain_Verbena_officinalis_-_geograph.org.uk_-_4156848.jpg"
"71","70","2","Verbena_officinalis_302529464.jpg","https://commons.wikimedia.org/wiki/File:Verbena_officinalis_302529464.jpg","https://commons.wikimedia.org/wiki/Special:FilePath/Verbena_officinalis_302529464.jpg","recipe-071-img-02-Verbena_officinalis_302529464.jpg"
"72","71","1","Althaea officinalis, 2020-10-04, Carnegie, 03.jpg","https://commons.wikimedia.org/wiki/File:Althaea_officinalis,_2020-10-04,_Carnegie,_03.jpg","https://commons.wikimedia.org/wiki/Special:FilePath/Althaea%20officinalis%2C%202020-10-04%2C%20Carnegie%2C%2003.jpg","recipe-072-img-01-Althaea_officinalis_2020-10-04_Carnegie_03.jpg"
"72","71","2","Althaea_officinalis,_Carnegie,_2025-07-02-4.jpg","https://commons.wikimedia.org/wiki/File:Althaea_officinalis,_Carnegie,_2025-07-02-4.jpg","https://commons.wikimedia.org/wiki/Special:FilePath/Althaea_officinalis%2C_Carnegie%2C_2025-07-02-4.jpg","recipe-072-img-02-Althaea_officinalis__Carnegie__2025-07-02-4.jpg"
"73","72","1","Plantago major RF.jpg","https://commons.wikimedia.org/wiki/File:Plantago_major_RF.jpg","https://commons.wikimedia.org/wiki/Special:FilePath/Plantago%20major%20RF.jpg","recipe-073-img-01-Plantago_major_RF.jpg"
"73","72","2","Broadleaf_Plantain_Spike.jpg","https://commons.wikimedia.org/wiki/File:Broadleaf_Plantain_Spike.jpg","https://commons.wikimedia.org/wiki/Special:FilePath/Broadleaf_Plantain_Spike.jpg","recipe-073-img-02-Broadleaf_Plantain_Spike.jpg"
"74","73","1","Populus nigra sl18.jpg","https://commons.wikimedia.org/wiki/File:Populus_nigra_sl18.jpg","https://commons.wikimedia.org/wiki/Special:FilePath/Populus%20nigra%20sl18.jpg","recipe-074-img-01-Populus_nigra_sl18.jpg"
"74","73","2","Populus_nigra_sl24.jpg","https://commons.wikimedia.org/wiki/File:Populus_nigra_sl24.jpg","https://commons.wikimedia.org/wiki/Special:FilePath/Populus_nigra_sl24.jpg","recipe-074-img-02-Populus_nigra_sl24.jpg"
"75","74","1","Juniper berries - geograph.org.uk - 1593558.jpg","https://commons.wikimedia.org/wiki/File:Juniper_berries_-_geograph.org.uk_-_1593558.jpg","https://commons.wikimedia.org/wiki/Special:FilePath/Juniper%20berries%20-%20geograph.org.uk%20-%201593558.jpg","recipe-075-img-01-Juniper_berries_-_geograph.org.uk_-_1593558.jpg"
"75","74","2","Juniper_Berries_-_geograph.org.uk_-_6254347.jpg","https://commons.wikimedia.org/wiki/File:Juniper_Berries_-_geograph.org.uk_-_6254347.jpg","https://commons.wikimedia.org/wiki/Special:FilePath/Juniper_Berries_-_geograph.org.uk_-_6254347.jpg","recipe-075-img-02-Juniper_Berries_-_geograph.org.uk_-_6254347.jpg"
"76","75","1","Rose hip in Rind village.jpg","https://commons.wikimedia.org/wiki/File:Rose_hip_in_Rind_village.jpg","https://commons.wikimedia.org/wiki/Special:FilePath/Rose%20hip%20in%20Rind%20village.jpg","recipe-076-img-01-Rose_hip_in_Rind_village.jpg"
"76","75","2","Rosehips_in_Eppstein,_Hessen_01.jpg","https://commons.wikimedia.org/wiki/File:Rosehips_in_Eppstein,_Hessen_01.jpg","https://commons.wikimedia.org/wiki/Special:FilePath/Rosehips_in_Eppstein%2C_Hessen_01.jpg","recipe-076-img-02-Rosehips_in_Eppstein__Hessen_01.jpg"
"77","76","1","Stachys officinalis Bukwica zwyczajna 2020-05-31 01.jpg","https://commons.wikimedia.org/wiki/File:Stachys_officinalis_Bukwica_zwyczajna_2020-05-31_01.jpg","https://commons.wikimedia.org/wiki/Special:FilePath/Stachys%20officinalis%20Bukwica%20zwyczajna%202020-05-31%2001.jpg","recipe-077-img-01-Stachys_officinalis_Bukwica_zwyczajna_2020-05-31_01.jpg"
"77","76","2","Red Rose Petals (4386388455).jpg","https://commons.wikimedia.org/wiki/File:Red_Rose_Petals_(4386388455).jpg","https://commons.wikimedia.org/wiki/Special:FilePath/Red%20Rose%20Petals%20%284386388455%29.jpg","recipe-077-img-02-Red_Rose_Petals_4386388455_.jpg"
"77","76","3","Wood_Betony_(Stachys_officinalis_)_-_geograph.org.uk_-_897427.jpg","https://commons.wikimedia.org/wiki/File:Wood_Betony_(Stachys_officinalis_)_-_geograph.org.uk_-_897427.jpg","https://commons.wikimedia.org/wiki/Special:FilePath/Wood_Betony_%28Stachys_officinalis_%29_-_geograph.org.uk_-_897427.jpg","recipe-077-img-03-Wood_Betony__Stachys_officinalis___-_geograph.org.uk_-_897427.jpg"
"78","77","1","Eupatorium cannabinum DSCN2417-01.jpg","https://commons.wikimedia.org/wiki/File:Eupatorium_cannabinum_DSCN2417-01.jpg","https://commons.wikimedia.org/wiki/Special:FilePath/Eupatorium%20cannabinum%20DSCN2417-01.jpg","recipe-078-img-01-Eupatorium_cannabinum_DSCN2417-01.jpg"
"78","77","2","Eupatorium_cannabinum_146329864.jpg","https://commons.wikimedia.org/wiki/File:Eupatorium_cannabinum_146329864.jpg","https://commons.wikimedia.org/wiki/Special:FilePath/Eupatorium_cannabinum_146329864.jpg","recipe-078-img-02-Eupatorium_cannabinum_146329864.jpg"
"79","78","1","Ononis spinosa 1.jpg","https://commons.wikimedia.org/wiki/File:Ononis_spinosa_1.jpg","https://commons.wikimedia.org/wiki/Special:FilePath/Ononis%20spinosa%201.jpg","recipe-079-img-01-Ononis_spinosa_1.jpg"
"79","78","2","Ononis_spinosa_2005.07.03_12.14.09.jpg","https://commons.wikimedia.org/wiki/File:Ononis_spinosa_2005.07.03_12.14.09.jpg","https://commons.wikimedia.org/wiki/Special:FilePath/Ononis_spinosa_2005.07.03_12.14.09.jpg","recipe-079-img-02-Ononis_spinosa_2005.07.03_12.14.09.jpg"
"80","79","1","Oak apples - Keila.jpg","https://commons.wikimedia.org/wiki/File:Oak_apples_-_Keila.jpg","https://commons.wikimedia.org/wiki/Special:FilePath/Oak%20apples%20-%20Keila.jpg","recipe-080-img-01-Oak_apples_-_Keila.jpg"
"80","79","2","Oak_Apples_-_geograph.org.uk_-_391035.jpg","https://commons.wikimedia.org/wiki/File:Oak_Apples_-_geograph.org.uk_-_391035.jpg","https://commons.wikimedia.org/wiki/Special:FilePath/Oak_Apples_-_geograph.org.uk_-_391035.jpg","recipe-080-img-02-Oak_Apples_-_geograph.org.uk_-_391035.jpg"
"81","80","1","Potentilla anserina RF.jpg","https://commons.wikimedia.org/wiki/File:Potentilla_anserina_RF.jpg","https://commons.wikimedia.org/wiki/Special:FilePath/Potentilla%20anserina%20RF.jpg","recipe-081-img-01-Potentilla_anserina_RF.jpg"
"81","80","2","Potentilla_anserina_-_silverweed_-_52159896935.jpg","https://commons.wikimedia.org/wiki/File:Potentilla_anserina_-_silverweed_-_52159896935.jpg","https://commons.wikimedia.org/wiki/Special:FilePath/Potentilla_anserina_-_silverweed_-_52159896935.jpg","recipe-081-img-02-Potentilla_anserina_-_silverweed_-_52159896935.jpg"
"82","81","1","Angelica archangelica subsp. archangelica Dzięgiel litwor 2019-05-24 06.jpg","https://commons.wikimedia.org/wiki/File:Angelica_archangelica_subsp._archangelica_Dzi%C4%99giel_litwor_2019-05-24_06.jpg","https://commons.wikimedia.org/wiki/Special:FilePath/Angelica%20archangelica%20subsp.%20archangelica%20Dzi%C4%99giel%20litwor%202019-05-24%2006.jpg","recipe-082-img-01-Angelica_archangelica_subsp._archangelica_Dzi_giel_litwor_2019-05-24_06.jpg"
"82","81","2","Angelica_archangelica_subsp._archangelica_Dzięgiel_litwor_2019-05-24_02.jpg","https://commons.wikimedia.org/wiki/File:Angelica_archangelica_subsp._archangelica_Dzi%C4%99giel_litwor_2019-05-24_02.jpg","https://commons.wikimedia.org/wiki/Special:FilePath/Angelica_archangelica_subsp._archangelica_Dzi%C4%99giel_litwor_2019-05-24_02.jpg","recipe-082-img-02-Angelica_archangelica_subsp._archangelica_Dzi_giel_litwor_2019-05-24_02.jpg"
"83","82","1","Papaver rhoeas in June.jpg","https://commons.wikimedia.org/wiki/File:Papaver_rhoeas_in_June.jpg","https://commons.wikimedia.org/wiki/Special:FilePath/Papaver%20rhoeas%20in%20June.jpg","recipe-083-img-01-Papaver_rhoeas_in_June.jpg"
"83","82","2","Papaver_rhoeas_2017_G1.jpg","https://commons.wikimedia.org/wiki/File:Papaver_rhoeas_2017_G1.jpg","https://commons.wikimedia.org/wiki/Special:FilePath/Papaver_rhoeas_2017_G1.jpg","recipe-083-img-02-Papaver_rhoeas_2017_G1.jpg"
"84","83","1","Marrubium vulgare sl2.jpg","https://commons.wikimedia.org/wiki/File:Marrubium_vulgare_sl2.jpg","https://commons.wikimedia.org/wiki/Special:FilePath/Marrubium%20vulgare%20sl2.jpg","recipe-084-img-01-Marrubium_vulgare_sl2.jpg"
"84","83","2","Marrubium_vulgare_kz19.jpg","https://commons.wikimedia.org/wiki/File:Marrubium_vulgare_kz19.jpg","https://commons.wikimedia.org/wiki/Special:FilePath/Marrubium_vulgare_kz19.jpg","recipe-084-img-02-Marrubium_vulgare_kz19.jpg"
"85","84","1","Artemisia vulgaris adaxial leaf surface.jpg","https://commons.wikimedia.org/wiki/File:Artemisia_vulgaris_adaxial_leaf_surface.jpg","https://commons.wikimedia.org/wiki/Special:FilePath/Artemisia%20vulgaris%20adaxial%20leaf%20surface.jpg","recipe-085-img-01-Artemisia_vulgaris_adaxial_leaf_surface.jpg"
"85","84","2","Artemisia_vulgaris_SCA-181108.jpg","https://commons.wikimedia.org/wiki/File:Artemisia_vulgaris_SCA-181108.jpg","https://commons.wikimedia.org/wiki/Special:FilePath/Artemisia_vulgaris_SCA-181108.jpg","recipe-085-img-02-Artemisia_vulgaris_SCA-181108.jpg"
"86","85","1","Equisetum arvense 117578468.jpg","https://commons.wikimedia.org/wiki/File:Equisetum_arvense_117578468.jpg","https://commons.wikimedia.org/wiki/Special:FilePath/Equisetum%20arvense%20117578468.jpg","recipe-086-img-01-Equisetum_arvense_117578468.jpg"
"86","85","2","Symphytum officinale 108596007.jpg","https://commons.wikimedia.org/wiki/File:Symphytum_officinale_108596007.jpg","https://commons.wikimedia.org/wiki/Special:FilePath/Symphytum%20officinale%20108596007.jpg","recipe-086-img-02-Symphytum_officinale_108596007.jpg"
"87","86","1","Wild Thyme (Thymus praecox subsp. britannicus) - geograph.org.uk - 819871.jpg","https://commons.wikimedia.org/wiki/File:Wild_Thyme_(Thymus_praecox_subsp._britannicus)_-_geograph.org.uk_-_819871.jpg","https://commons.wikimedia.org/wiki/Special:FilePath/Wild%20Thyme%20%28Thymus%20praecox%20subsp.%20britannicus%29%20-%20geograph.org.uk%20-%20819871.jpg","recipe-087-img-01-Wild_Thyme_Thymus_praecox_subsp._britannicus_-_geograph.org.uk_-_819871.jpg"
"87","86","2","Thymus_serpyllum_2018-07-06_3567.jpg","https://commons.wikimedia.org/wiki/File:Thymus_serpyllum_2018-07-06_3567.jpg","https://commons.wikimedia.org/wiki/Special:FilePath/Thymus_serpyllum_2018-07-06_3567.jpg","recipe-087-img-02-Thymus_serpyllum_2018-07-06_3567.jpg"
"88","87","1","Ponderosa Pine cones, Idaho Panhandle National Forest.jpg","https://commons.wikimedia.org/wiki/File:Ponderosa_Pine_cones,_Idaho_Panhandle_National_Forest.jpg","https://commons.wikimedia.org/wiki/Special:FilePath/Ponderosa%20Pine%20cones%2C%20Idaho%20Panhandle%20National%20Forest.jpg","recipe-088-img-01-Ponderosa_Pine_cones_Idaho_Panhandle_National_Forest.jpg"
"88","87","2","Ponderosa_Pine_cones,_Wibaux_County,_eastern_Montana_(25010099278).jpg","https://commons.wikimedia.org/wiki/File:Ponderosa_Pine_cones,_Wibaux_County,_eastern_Montana_(25010099278).jpg","https://commons.wikimedia.org/wiki/Special:FilePath/Ponderosa_Pine_cones%2C_Wibaux_County%2C_eastern_Montana_%2825010099278%29.jpg","recipe-088-img-02-Ponderosa_Pine_cones__Wibaux_County__eastern_Montana__25010099278_.jpg"
"89","88","1","Sloe berries - geograph.org.uk - 3651002.jpg","https://commons.wikimedia.org/wiki/File:Sloe_berries_-_geograph.org.uk_-_3651002.jpg","https://commons.wikimedia.org/wiki/Special:FilePath/Sloe%20berries%20-%20geograph.org.uk%20-%203651002.jpg","recipe-089-img-01-Sloe_berries_-_geograph.org.uk_-_3651002.jpg"
"89","88","2","Rose hips by Sixscore Road - geograph.org.uk - 589040.jpg","https://commons.wikimedia.org/wiki/File:Rose_hips_by_Sixscore_Road_-_geograph.org.uk_-_589040.jpg","https://commons.wikimedia.org/wiki/Special:FilePath/Rose%20hips%20by%20Sixscore%20Road%20-%20geograph.org.uk%20-%20589040.jpg","recipe-089-img-02-Rose_hips_by_Sixscore_Road_-_geograph.org.uk_-_589040.jpg"
"89","88","3","Blackthorn_or_sloe_(Prunus_spinosa)_-_geograph.org.uk_-_1451519.jpg","https://commons.wikimedia.org/wiki/File:Blackthorn_or_sloe_(Prunus_spinosa)_-_geograph.org.uk_-_1451519.jpg","https://commons.wikimedia.org/wiki/Special:FilePath/Blackthorn_or_sloe_%28Prunus_spinosa%29_-_geograph.org.uk_-_1451519.jpg","recipe-089-img-03-Blackthorn_or_sloe__Prunus_spinosa__-_geograph.org.uk_-_1451519.jpg"
"90","89","1","Arnica amplexicaulis kz03.jpg","https://commons.wikimedia.org/wiki/File:Arnica_amplexicaulis_kz03.jpg","https://commons.wikimedia.org/wiki/Special:FilePath/Arnica%20amplexicaulis%20kz03.jpg","recipe-090-img-01-Arnica_amplexicaulis_kz03.jpg"
"91","90","1","Verbascum thapsus 2024 Jun, July ON Canada Laslovarga (8).jpg","https://commons.wikimedia.org/wiki/File:Verbascum_thapsus_2024_Jun,_July_ON_Canada_Laslovarga_(8).jpg","https://commons.wikimedia.org/wiki/Special:FilePath/Verbascum%20thapsus%202024%20Jun%2C%20July%20ON%20Canada%20Laslovarga%20%288%29.jpg","recipe-091-img-01-Verbascum_thapsus_2024_Jun_July_ON_Canada_Laslovarga_8_.jpg"
"91","90","2","Verbascum_thapsus_kz19.jpg","https://commons.wikimedia.org/wiki/File:Verbascum_thapsus_kz19.jpg","https://commons.wikimedia.org/wiki/Special:FilePath/Verbascum_thapsus_kz19.jpg","recipe-091-img-02-Verbascum_thapsus_kz19.jpg"
"92","91","1","00 3775 Schwarzer Hollunder (Sambucus nigra).jpg","https://commons.wikimedia.org/wiki/File:00_3775_Schwarzer_Hollunder_(Sambucus_nigra).jpg","https://commons.wikimedia.org/wiki/Special:FilePath/00%203775%20Schwarzer%20Hollunder%20%28Sambucus%20nigra%29.jpg","recipe-092-img-01-00_3775_Schwarzer_Hollunder_Sambucus_nigra_.jpg"
"92","91","2","Sambucus_nigra_105112015.jpg","https://commons.wikimedia.org/wiki/File:Sambucus_nigra_105112015.jpg","https://commons.wikimedia.org/wiki/Special:FilePath/Sambucus_nigra_105112015.jpg","recipe-092-img-02-Sambucus_nigra_105112015.jpg"
"93","92","1","Rosin.JPG","https://commons.wikimedia.org/wiki/File:Rosin.JPG","https://commons.wikimedia.org/wiki/Special:FilePath/Rosin.JPG","recipe-093-img-01-Rosin.JPG"
"93","92","2","Violin_rosin_(2).jpg","https://commons.wikimedia.org/wiki/File:Violin_rosin_(2).jpg","https://commons.wikimedia.org/wiki/Special:FilePath/Violin_rosin_%282%29.jpg","recipe-093-img-02-Violin_rosin__2_.jpg"
"94","93","1","Mentha aquatica bluete.jpeg","https://commons.wikimedia.org/wiki/File:Mentha_aquatica_bluete.jpeg","https://commons.wikimedia.org/wiki/Special:FilePath/Mentha%20aquatica%20bluete.jpeg","recipe-094-img-01-Mentha_aquatica_bluete.jpeg"
"94","93","2","Mentha_aquatica_148819609.jpg","https://commons.wikimedia.org/wiki/File:Mentha_aquatica_148819609.jpg","https://commons.wikimedia.org/wiki/Special:FilePath/Mentha_aquatica_148819609.jpg","recipe-094-img-02-Mentha_aquatica_148819609.jpg"
"95","94","1","Solidago virgaurea kz12.jpg","https://commons.wikimedia.org/wiki/File:Solidago_virgaurea_kz12.jpg","https://commons.wikimedia.org/wiki/Special:FilePath/Solidago%20virgaurea%20kz12.jpg","recipe-095-img-01-Solidago_virgaurea_kz12.jpg"
"95","94","2","Solidago_virgaurea_kz09.jpg","https://commons.wikimedia.org/wiki/File:Solidago_virgaurea_kz09.jpg","https://commons.wikimedia.org/wiki/Special:FilePath/Solidago_virgaurea_kz09.jpg","recipe-095-img-02-Solidago_virgaurea_kz09.jpg"
"96","95","1","Marrubium vulgare leaf Jenene Kidston (14453015387).jpg","https://commons.wikimedia.org/wiki/File:Marrubium_vulgare_leaf_Jenene_Kidston_(14453015387).jpg","https://commons.wikimedia.org/wiki/Special:FilePath/Marrubium%20vulgare%20leaf%20Jenene%20Kidston%20%2814453015387%29.jpg","recipe-096-img-01-Marrubium_vulgare_leaf_Jenene_Kidston_14453015387_.jpg"
"96","95","2","Glycyrrhiza lepidota Wild licorice close.jpg","https://commons.wikimedia.org/wiki/File:Glycyrrhiza_lepidota_Wild_licorice_close.jpg","https://commons.wikimedia.org/wiki/Special:FilePath/Glycyrrhiza%20lepidota%20Wild%20licorice%20close.jpg","recipe-096-img-02-Glycyrrhiza_lepidota_Wild_licorice_close.jpg"
"96","95","3","Marrubium_vulgare_2zz.jpg","https://commons.wikimedia.org/wiki/File:Marrubium_vulgare_2zz.jpg","https://commons.wikimedia.org/wiki/Special:FilePath/Marrubium_vulgare_2zz.jpg","recipe-096-img-03-Marrubium_vulgare_2zz.jpg"
"97","96","1","Apiaceae - Pimpinella major-1.JPG","https://commons.wikimedia.org/wiki/File:Apiaceae_-_Pimpinella_major-1.JPG","https://commons.wikimedia.org/wiki/Special:FilePath/Apiaceae%20-%20Pimpinella%20major-1.JPG","recipe-097-img-01-Apiaceae_-_Pimpinella_major-1.JPG"
"97","96","2","Saxifraga asiatica.jpg","https://commons.wikimedia.org/wiki/File:Saxifraga_asiatica.jpg","https://commons.wikimedia.org/wiki/Special:FilePath/Saxifraga%20asiatica.jpg","recipe-097-img-02-Saxifraga_asiatica.jpg"
"97","96","3","Pimpinella_major_-_img_17962.jpg","https://commons.wikimedia.org/wiki/File:Pimpinella_major_-_img_17962.jpg","https://commons.wikimedia.org/wiki/Special:FilePath/Pimpinella_major_-_img_17962.jpg","recipe-097-img-03-Pimpinella_major_-_img_17962.jpg"
"98","97","1","Achillea millefolium 139228692.jpg","https://commons.wikimedia.org/wiki/File:Achillea_millefolium_139228692.jpg","https://commons.wikimedia.org/wiki/Special:FilePath/Achillea%20millefolium%20139228692.jpg","recipe-098-img-01-Achillea_millefolium_139228692.jpg"
"98","97","2","Achillea_millefolium_101731125.jpg","https://commons.wikimedia.org/wiki/File:Achillea_millefolium_101731125.jpg","https://commons.wikimedia.org/wiki/Special:FilePath/Achillea_millefolium_101731125.jpg","recipe-098-img-02-Achillea_millefolium_101731125.jpg"
"99","98","1","Larix x marschlinsii cones.jpg","https://commons.wikimedia.org/wiki/File:Larix_x_marschlinsii_cones.jpg","https://commons.wikimedia.org/wiki/Special:FilePath/Larix%20x%20marschlinsii%20cones.jpg","recipe-099-img-01-Larix_x_marschlinsii_cones.jpg"
"99","98","2","Larix_x_marschlinsii_cone_-_2.jpg","https://commons.wikimedia.org/wiki/File:Larix_x_marschlinsii_cone_-_2.jpg","https://commons.wikimedia.org/wiki/Special:FilePath/Larix_x_marschlinsii_cone_-_2.jpg","recipe-099-img-02-Larix_x_marschlinsii_cone_-_2.jpg"
"100","99","1","Menyanthes trifoliata Bobrek trójlistkowy Rezerwat przyrody Łazy 2022-06-21 08.jpg","https://commons.wikimedia.org/wiki/File:Menyanthes_trifoliata_Bobrek_tr%C3%B3jlistkowy_Rezerwat_przyrody_%C5%81azy_2022-06-21_08.jpg","https://commons.wikimedia.org/wiki/Special:FilePath/Menyanthes%20trifoliata%20Bobrek%20tr%C3%B3jlistkowy%20Rezerwat%20przyrody%20%C5%81azy%202022-06-21%2008.jpg","recipe-100-img-01-Menyanthes_trifoliata_Bobrek_tr_jlistkowy_Rezerwat_przyrody_azy_2022-06-21_08.jpg"
"100","99","2","Menyanthes_trifoliata_kz22.jpg","https://commons.wikimedia.org/wiki/File:Menyanthes_trifoliata_kz22.jpg","https://commons.wikimedia.org/wiki/Special:FilePath/Menyanthes_trifoliata_kz22.jpg","recipe-100-img-02-Menyanthes_trifoliata_kz22.jpg"
